Metric,Value,Year,Scope,Source
Europe market size (low estimate),USD 50.22 bn,2024,Europe,MarketsandMarkets
Europe market size (high estimate),USD 81.81 bn,2025,Europe,IMARC Group
Consensus 2030 market size range,USD 83-121 bn,2030,Europe,MnM / IMARC
Typical forecast CAGR range,8.2% - 14.2%,2025-31,Europe,Multiple analysts
Europe share of global cyber market,~25.6%,2025,Europe,Fortune Business Insights
Largest country market,Germany (~22%),2025,Europe,IMARC Group
Europe enterprise firewall market,USD 3.54 bn,2024,Europe,Mordor Intelligence
Network-security global leader share,28.4% (Palo Alto),2024,Global,Omdia
EU cybersecurity skills shortage,"~299,000 people",2024,EU-27,ENISA NIS Investments 2025
Digital Europe cybersecurity budget,EUR 1.372 bn,2021-27,EU-27,EUR-Lex / EC
EuroStack sovereign-tech proposal,EUR 300 bn / 10y,2025+,EU (proposal),Bertelsmann Stiftung / CEPS
