Company,Ticker,Exchange,Subsector,Listing Region,Approx. Market Cap ($B),Recent IPO/Listing,IPO/Listing Date,Notes / Thesis
CXMT (ChangXin Memory),STAR (pending),SSE STAR (pending),Semis - Memory (DRAM),Mainland China,150.0,Yes,2026-H2 (pending),China's largest DRAM maker; ~$4.3B STAR IPO registration approved Jun-2026 (2nd-largest STAR listing ever); HBM3 ramp; ~8% global DRAM share.
SMIC,688981.SS / 0981.HK,SSE STAR / HKEX,Semis - Foundry,Mainland China,100.0,No,2020-07 (STAR) / 2004-03 (HK),China's largest foundry; advanced-node localization flagship amid export controls.
Hua Hong Semiconductor,688347.SS / 1347.HK,SSE STAR / HKEX,Semis - Foundry,Mainland China,30.0,No,2023-08 (STAR) / 2014-10 (HK),China #2 foundry; specialty/mature nodes; power & analog platforms.
NAURA Technology,002371.SZ,SZSE,Semis - Equipment (WFE),Mainland China,55.0,No,2010-06,China's largest domestic WFE maker; etch/deposition/thermal; localization play.
AMEC (Advanced Micro-Fabrication),688012.SS,SSE STAR,Semis - Equipment (WFE),Mainland China,30.0,No,2019-07,China etch equipment leader; MOCVD; leading-edge localization.
Cambricon Technologies,688256.SS,SSE STAR,Semis - AI Accelerators,Mainland China,100.0,No,2020-07,"China AI training/inference chip champion; revenue up >4,000% YoY in 1H25; NVIDIA substitution play."
Hygon Information Technology,688041.SS,SSE STAR,Semis - CPU/DCU,Mainland China,95.0,No,2022-08,Domestic x86-compatible server CPUs + DCU accelerators; merging with Sugon (server OEM).
Moore Threads,688795.SS,SSE STAR,Semis - GPU,Mainland China,43.0,Yes,2025-12,"'China's NVIDIA'; full-function GPUs (MUSA architecture); raised ~$1.1B, +400% on debut."
MetaX Integrated Circuits,688802.SS,SSE STAR,Semis - GPU,Mainland China,30.0,Yes,2025-12,Domestic GPU for AI training/inference (Xiyun C500); founded by ex-AMD execs; ~700% debut pop.
Montage Technology,688008.SS,SSE STAR,Semis - Memory Interface,Mainland China,15.0,No,2019-07,DDR5 memory interface / CXL chips for servers; AI memory bandwidth beneficiary.
GigaDevice Semiconductor,603986.SS,SSE,Semis - Memory (NOR/NAND/DRAM),Mainland China,12.0,No,2016-08,NOR flash leader; expanding niche DRAM (CXMT ecosystem partner); MCUs.
Runze Technology,300442.SZ,SZSE ChiNext,Data Center - Wholesale IDC,Mainland China,10.0,No,2015 (backdoor 2022),"Pure-play wholesale IDC campuses (Beijing-Langfang, Yangtze Delta); AI/intelligent-computing demand."
Beijing Sinnet Technology,300383.SZ,SZSE ChiNext,Data Center - IDC/Cloud,Mainland China,4.0,No,2014-01,Beijing-area IDC + AWS China (Ningxia/Beijing) cloud operator.
Shanghai AtHub,603881.SS,SSE,Data Center - Wholesale IDC,Mainland China,3.0,No,2017-01,Wholesale datacenter developer; anchor customer Alibaba; East China AI capacity.
GDS Holdings,9698.HK (also GDS US ADR),HKEX (dual-primary),Data Center - Colocation,Hong Kong,6.7,No,2022-01 (HK) / 2016-11 (ADR),Carrier-neutral hyperscale colo leader in China; AI-driven wholesale demand; DayOne (international) angle.
SUNeVision Holdings,1686.HK,HKEX,Data Center - Colocation,Hong Kong,2.7,No,2000-03,Hong Kong's largest carrier-neutral datacenter operator (iAdvantage); SHKP-backed; MEGA campuses.
ASMPT,0522.HK,HKEX,Semis - Equipment (Packaging),Hong Kong,11.0,No,1989-06,Advanced packaging equipment leader; TCB bonders for HBM/CoWoS; key AI memory enabler.
Biren Technology,6082.HK,HKEX,Semis - GPU,Hong Kong,15.0,Yes,2026-01,"High-performance GPU designer (BR20X/BR30X); raised ~$717M in Jan-2026 HK IPO, +76% debut."
Horizon Robotics,9660.HK,HKEX,Semis - Auto AI SoC,Hong Kong,8.5,Yes,2024-10,Leading China ADAS/AD computing SoC (Journey series); largest HK tech IPO of 2024.
InnoScience,2577.HK,HKEX,Semis - Power (GaN),Hong Kong,8.0,Yes,2024-12,World's largest GaN-on-Si IDM; AI server power / fast-charging adoption.
Black Sesame International,2533.HK,HKEX,Semis - Auto AI SoC,Hong Kong,2.0,Yes,2024-08,Auto-grade AI SoCs (Huashan/Wudang); first 18C-chapter HK listing.
TSMC,2330.TW,TWSE,Semis - Foundry,Taiwan,1200.0,No,1994-09,World's leading-edge foundry; CoWoS/advanced packaging bottleneck for AI accelerators.
MediaTek,2454.TW,TWSE,Semis - Fabless (SoC),Taiwan,90.0,No,2001-07,Mobile/connectivity SoC leader; custom ASIC push into AI datacenter (with Google/others).
United Microelectronics (UMC),2303.TW,TWSE,Semis - Foundry,Taiwan,18.0,No,1985-07,Mature/specialty foundry; 22/28nm; potential Intel collaboration optionality.
ASE Technology Holding,3711.TW,TWSE,Semis - OSAT,Taiwan,25.0,No,2018-04 (holding),World's largest OSAT; advanced packaging/test capacity for AI chips.
Hon Hai Precision (Foxconn),2317.TW,TWSE,Data Center - AI Servers (ODM),Taiwan,100.0,No,1991-06,Largest AI server assembler (GB200/GB300 racks); NVIDIA's key systems partner.
Quanta Computer,2382.TW,TWSE,Data Center - AI Servers (ODM),Taiwan,35.0,No,1999-01,Top AI server ODM for US hyperscalers; cloud infrastructure leverage.
Wiwynn,6669.TW,TWSE,Data Center - AI Servers (ODM),Taiwan,35.0,No,2019-03,Hyperscale-focused server pure-play (Wistron spin-off); Meta/Microsoft exposure.
Delta Electronics,2308.TW,TWSE,Data Center - Power/Cooling,Taiwan,60.0,No,1988-12,"Datacenter power supplies, busbars, liquid cooling; key AI rack power beneficiary."
Samsung Electronics,005930.KS,KRX,Semis - Memory/Foundry (IDM),South Korea,500.0,No,1975-06,DRAM/NAND/HBM + foundry + devices; HBM4 catch-up is the key AI catalyst.
SK hynix,000660.KS,KRX,Semis - Memory (IDM),South Korea,800.0,No,1996-12,HBM leader into AI supercycle; primary NVIDIA HBM supplier; DRAM/NAND.
Hanmi Semiconductor,042700.KS,KRX,Semis - Equipment (Packaging),South Korea,9.0,No,2005-07,TC bonders for HBM stacking (SK hynix/Micron supplier); pure-play AI memory equipment.
Tokyo Electron,8035.T,TSE Prime,Semis - Equipment (WFE),Japan,150.0,No,1980-10,"Top-tier WFE (coater/developer near-monopoly, etch, deposition); Japan flagship."
Advantest,6857.T,TSE Prime,Semis - Equipment (Test),Japan,150.0,No,1983-09,Dominant SoC/memory tester; every AI accelerator and HBM stack needs test time.
Kioxia Holdings,285A.T,TSE Prime,Semis - Memory (NAND),Japan,20.0,Yes,2024-12,NAND flash pure-play (ex-Toshiba Memory); recent Tokyo IPO; AI storage demand.
Lasertec,6920.T,TSE Prime,Semis - Equipment (Inspection),Japan,20.0,No,1990-08,Monopoly in EUV mask/blank inspection; leading-edge logic capex proxy.
Disco Corporation,6146.T,TSE Prime,Semis - Equipment (Packaging),Japan,30.0,No,1989-11,Dicing/grinding near-monopoly; HBM wafer thinning; advanced packaging leverage.
Ibiden,4062.T,TSE Prime,Semis - Substrates,Japan,15.0,No,1960s,ABF package substrates for AI GPUs (NVIDIA supplier); capacity expansion cycle.
Fujikura,5803.T,TSE Prime,Data Center - Optical Connectivity,Japan,25.0,No,1949 (TSE),Optical fiber/cable and high-density interconnect for AI datacenters; top TOPIX performer.
Keppel DC REIT,AJBU.SI,SGX,Data Center - REIT,Singapore,4.3,No,2014-12,"Asia's first pure-play datacenter REIT; ~S$5B AUM, 20+ assets across 10 countries."
NTT DC REIT,NTDU.SI,SGX,Data Center - REIT,Singapore,1.0,Yes,2025-07,Largest SGX REIT IPO in a decade (US$773M raise); NTT-sponsored global datacenter portfolio.
YTL Power International,6742.KL,Bursa Malaysia,Data Center - Power/AI Campus,Malaysia,10.0,No,1997 (listed),Utility building Johor AI datacenter campus (NVIDIA GPU cloud partnership); power + DC play.
